frame,frame_time_ms,mediapipe_ms,classifier_ms,fps,cpu_percent,temperature_c
0,90.02154100002713,28.412708000018938,37.09541599999966,11.108452364747885,22.8,
1,81.85012500001676,27.157708000004277,36.979458000018894,12.217452325207754,29.7,
2,92.24383299999772,28.03633400000649,36.844542000011415,10.840833121061054,20.9,
3,86.76495800000339,27.346125000008215,37.08962499999302,11.525390238763913,23.0,
4,89.76674999999545,27.927625000017997,37.17433299999584,11.139982231728904,21.6,
5,79.86158299999602,27.026040999999168,36.39450000000011,12.521665141549347,27.3,
6,94.70658300000423,28.166084000019964,37.22958399998788,10.558928094786772,14.9,
7,81.96158300000889,24.872791000007055,37.11829100001296,12.20083804384173,19.8,
8,99.92312500000367,27.788667000010037,37.044500000007474,10.007693414311886,24.7,
9,80.76149999999416,26.243125000007694,36.80716699997788,12.382137528402424,21.1,
10,91.46541699999489,27.784832999998343,37.15070900000228,10.933093980209547,11.9,
11,89.83233300000393,27.70391600000721,36.90608300001941,11.131849375435415,14.3,
12,89.36800000000744,27.868500000010954,36.98920799999428,11.189687583921724,12.2,
13,77.0884169999988,26.276834000015015,37.002707999988615,12.97211745832082,12.6,
14,94.22233300000471,27.51499999999396,37.0645420000244,10.613195069155738,14.3,
15,88.60237499999357,27.519625000024917,36.90900000000852,11.286379174373966,14.6,
16,91.06545799997434,28.001041999999643,37.02000000001249,10.981112069960508,15.0,
17,99.23337500001139,33.8504579999892,39.95499999999197,10.077254754258687,12.4,
18,65.6955829999788,24.650000000008276,37.04083300002026,15.221723506134694,12.8,
19,93.15779199999952,25.777458999982628,37.60087500000964,10.734475115082217,17.2,
20,90.7457499999964,26.600958000017272,37.17575000001716,11.019799825336609,14.3,
21,83.41891699998882,26.09116600001471,37.02824999999166,11.987688595862902,15.2,
22,90.2511660000016,26.746416999998246,36.952167000009695,11.08018925761006,13.2,
23,88.7441659999979,26.634041999983538,37.628916999977946,11.268346360931755,24.1,
24,74.80362499998705,24.392917000000125,37.07916700000169,13.368336093340037,12.5,
25,94.34745799998723,24.853917000001502,37.110250000012,10.59911969223522,24.4,
26,85.40354199999456,24.705083000014838,37.19116600001371,11.709116233142458,17.5,
27,87.18012500000327,25.230708999998797,36.829292000021496,11.47050431505991,13.3,
28,86.75583300001222,24.205792000003612,37.46225000000436,11.526602482162314,12.7,
29,89.52812499998686,23.972708000002285,37.52195900000288,11.169674334184334,16.8,
30,85.51179200000547,24.08158299999741,36.42354199999431,11.694293577661616,16.2,
31,93.06658299999526,25.13074999998821,37.91079100000161,10.744995333073,13.4,
32,86.87079200001335,24.59604099999524,37.2336669999811,11.511348946834124,21.4,
33,90.9771250000233,25.732916999999134,37.48858400001609,10.991774031106653,13.5,
34,84.65866599999572,25.247707999994873,37.083291999977064,11.812139822756604,14.7,
35,90.50487499999349,26.010166999981266,36.85916700001712,11.049128569041965,13.3,
36,83.28837499999509,25.339624999986654,37.405000000006794,12.00647749460905,12.6,
37,93.67987499999231,26.331666999993786,37.827915999997686,10.674651305844314,12.8,
38,91.16537500000277,26.57700000000318,37.14862499998617,10.969076801362027,13.8,
39,82.01591700000677,25.08433299999524,37.419791999980134,12.19275521847689,13.3,
40,84.33387499999867,25.264708000008795,35.64562500000079,11.857631349205947,12.1,
41,84.19716700001345,24.53933299997857,36.066125000019156,11.876884171172176,13.3,
42,96.35358299999552,25.611333000000513,36.561167000002115,10.378441245926957,11.7,
43,85.7061670000121,25.798457999997026,37.12387499999181,11.667771818565388,12.4,
44,92.99708399998963,27.605083000025843,36.953000000011116,10.753025331419117,12.9,
45,87.6772499999845,27.599583000011307,37.075874999999314,11.40546721070947,12.1,
46,86.92941700002166,27.044582999991462,37.768625000012435,11.503585719432017,12.3,
47,81.59991600001604,24.083167000014782,36.72949999997854,12.254914576135146,12.6,
48,93.06254200001263,26.490958000010778,36.920707999996694,10.74546190668061,12.2,
49,86.95216699999264,26.74970900000062,37.049832999997534,11.500575943093915,14.3,
50,85.37141700000461,27.178459000026578,36.90120899997851,11.713522337340915,21.2,
51,88.0771250000123,27.796999999992522,36.96650000000545,11.35368576119918,15.7,
52,81.03962499998829,26.634292000011328,36.93599999999719,12.33964248970975,15.2,
53,99.22295799998437,28.687582999992856,37.17083300000468,10.078312722748676,15.9,
54,85.99412500001336,27.718250000020817,37.17599999998811,11.628701379307536,12.4,
55,83.64629200002582,27.315125000001217,36.98941700000091,11.955102564494924,21.0,
56,87.54804099999092,27.504582999995364,37.58849999999825,11.422300128909837,13.6,
57,90.81512500000599,26.10574999999926,37.57083400000738,11.011381639346244,12.1,
58,87.87145799999507,26.323125000004666,37.09741599999461,11.380259560505484,12.0,
59,79.30533300000775,25.134291999989955,34.94716599999492,12.609492478896751,14.4,
60,97.53058300000816,27.304208000003882,36.79829199998608,10.253194118607045,16.6,
61,86.12316599999303,26.39612500001931,36.781791999999314,11.611277736818,11.5,
62,88.92741699997941,27.212250000019367,36.822666000006166,11.245125898576719,13.0,
63,83.29466600000046,26.844874999994772,36.985499999985905,12.005570680840409,11.7,
64,87.59304100001941,27.09737500001097,37.042666999980156,11.416432042812378,12.4,
65,90.36083300000541,27.79870899999537,35.75354200000902,11.066741715406055,12.2,
66,90.09295900000325,27.585458000004337,37.10870800000521,11.099646532865725,11.7,
67,82.388624999993,26.39758400002279,36.81720800000221,12.137597878348922,12.7,
68,90.61370799997803,26.92795899997691,37.23687499999073,11.035857841732318,21.0,
69,84.37475000002337,26.866374999997333,37.04833300000132,11.851886968550698,12.3,
70,94.46129200000541,28.5529580000059,37.11783299999638,10.586346839295219,12.2,
71,82.04383300000018,26.74004200000013,37.03275000000872,12.188606546454233,12.4,
72,89.87137500000131,27.667750000006208,37.09670799997866,11.127013467858765,12.7,
73,89.93799999998942,27.648584000019127,37.27954199999317,11.118770708711754,12.7,
74,91.35566699998776,28.11024999999745,37.07012499998541,10.946228437039752,12.7,
75,79.41179099998408,26.428250000009257,36.81574999998816,12.592588423049174,12.4,
76,87.96399999999949,27.598125000025675,37.844667000001664,11.368287026510911,16.8,
77,83.78083299999162,25.52958300000796,37.37233300000753,11.935904241965464,14.7,
78,89.72533299998986,24.469834000001356,37.11429099999464,11.145124420993936,14.9,
79,86.44354200001203,24.906832999988637,36.85112499999832,11.56824416102548,14.6,
80,93.51187499999014,26.731791000003113,36.732666999995445,10.693828992308255,18.0,
81,82.1061249999957,26.35887499999967,37.03545800001962,12.179359335251206,13.9,
82,89.29329099998995,25.78808300000901,36.76049999998554,11.199049657606556,13.1,
83,88.98812499998598,25.995625000007294,36.761125000026595,11.237454435635739,14.0,
84,90.72204199998168,27.602999999999156,36.93295900001203,11.022679582104224,12.6,
85,88.64370899999585,27.056792000024643,36.98133299999995,11.28111640725736,12.6,
86,88.20245900000145,27.70987499999933,37.514125000001286,11.337552391821452,21.0,
87,86.2361670000098,27.09370799999533,36.98762499999475,11.596062705336687,13.9,
88,90.11904199999776,28.32091599998421,35.56283300000018,11.096433981178194,11.2,
89,88.68579200000681,27.83829100002322,37.14354199999548,11.275763315051899,11.0,
90,87.6018330000079,28.08916699999031,36.99745800000187,11.415286253198719,12.3,
91,85.29874999999265,26.906374999981608,37.030125000001135,11.72350122364145,15.9,
92,89.87666600000921,28.14841700001125,34.84908300001166,11.126358425443792,11.8,
93,89.88074999999185,27.862292000008893,37.22283400000492,11.12585286615978,13.7,
94,83.38404099998797,27.343040999994628,36.99283399998876,11.99270253644992,13.7,
95,88.75966599998719,27.729208000010885,37.079041999987794,11.266378582363574,13.5,
96,92.6596669999924,29.168249999997897,37.20958399998153,10.79218210443258,14.1,
97,79.98699999998848,26.7329999999788,37.057166000010966,12.502031580133572,14.7,
98,86.23504199999843,27.263624999989133,37.20591600000489,11.59621398456579,15.9,
99,88.73595800000089,27.478000000002112,36.925875000008546,11.269388673304118,14.2,
100,92.9249160000154,27.63429199998768,37.22820799998772,10.761376421366196,13.3,
101,87.11162500000569,27.403208000009727,37.22391600001629,11.479524116327008,12.6,
102,85.47333300001014,26.900082999986807,36.91637500000411,11.699555462519301,13.3,
103,88.702665999989,27.60091700000089,36.993125000009286,11.273618314923297,12.7,
104,92.42566700001476,28.184459000016204,37.374207999988585,10.819505365320657,20.6,
105,83.03275000000099,27.110457999981463,37.08329099998764,12.043440690570746,15.0,
106,86.60754100000645,27.55216599999244,36.73337499998297,11.546338672748202,13.2,
107,87.33508299999926,27.80487499998685,37.12691700002324,11.450152283017909,12.2,
108,83.49962500000174,26.965874999973494,36.93545900000572,11.976101689079192,12.8,
109,94.4872089999933,27.993625000021893,37.183916999993016,10.583443098632229,12.6,
110,87.99629199998549,28.188875000012104,37.07745799999884,11.364115206128968,13.2,
111,86.74408399997446,27.457999999995764,36.83079200001771,11.528163695869962,11.9,
112,90.41270900002019,28.179666999989195,37.0076250000011,11.060391963255706,26.1,
113,78.98474999998939,26.916125000013835,37.01083299998231,12.660671838552814,16.6,
114,91.20570800001815,27.05304200000569,36.997583000015766,10.964226054796933,14.4,
115,89.78966699999091,27.67037499998537,37.04054199999973,11.137138976137434,12.9,
116,88.19050000002449,27.97441699999581,36.67483299997798,11.339089811257702,11.2,
117,84.0985830000136,27.360917000009977,37.130333000021665,11.890806769001545,12.3,
118,91.0363749999874,27.943791000012652,37.163542000001826,10.98462015870182,14.6,
119,86.08395799998902,27.547916999992594,37.00795899999321,11.616566236419189,15.8,
120,87.66237500000784,27.676584000005278,36.60483299998418,11.407402548697894,12.9,
121,85.69291699998871,27.083375000017895,37.00079099999698,11.669575911392206,12.4,
122,90.1938750000113,27.939040999996223,37.14979099999027,11.087227375471723,15.6,
123,83.13508300000194,26.690833000003522,36.989957999992384,12.028616125877647,17.0,
124,90.19720899999584,27.92570799999794,37.02862500000492,11.086817553301968,14.3,
125,89.56541699998866,27.478583000004164,36.75766700001759,11.165023660863731,16.4,
126,90.2532499999893,28.146290999984558,36.96137500000418,11.079933409601523,14.8,
127,80.86749999998233,27.416791999996803,36.98941700000091,12.365907193869212,17.3,
128,89.88641700000244,28.072500000007494,37.12929099998519,11.125151423045073,15.2,
129,88.35804099999223,27.706290999987004,36.826583000021174,11.317589080546592,12.5,
130,86.87020899998288,28.032792000004747,37.09324999999808,11.511426201359745,13.3,
131,88.78908400001251,27.919999999994616,37.55350000000135,11.26264575496532,13.7,
132,85.78808400000071,26.23941699999932,37.02554199998076,11.656630540903464,13.9,
133,90.81866600001831,27.493625000005295,37.226291999985506,11.010952307973763,12.3,
134,83.20349999999621,26.788417000005893,36.95341700000654,12.01872517382136,12.5,
135,88.77549999999701,27.64045899999701,37.00108300000693,11.264369110847404,13.0,
136,91.50487499999826,28.773749999999154,37.643666000008125,10.928379498906686,11.6,
137,79.63345800001775,26.611290999994708,36.91891700000838,12.55753580360377,11.5,
138,91.03416700000366,27.01145800000404,36.96924999999851,10.98488658659292,12.6,
139,87.13641700001062,27.49166600000308,37.20066700000757,11.47625796915517,12.7,
140,90.12262499999224,28.217957999999044,37.080791999983376,11.095992820893601,12.2,
141,86.96687500000166,27.568000000002257,36.99874999998087,11.49863094425298,13.0,
142,90.96058299999754,28.640958000011096,37.29720800001246,10.993772984063074,13.2,
143,84.17254100001514,27.623000000005504,36.886958999986064,11.880358940332098,15.6,
144,88.08270899999115,27.791624999991882,36.05633300000477,11.352965994723215,21.6,
145,87.41200000000049,26.877167000009194,37.42583299998614,11.440076877316551,17.0,
146,90.90945799999872,27.701458000024104,37.23266699998362,10.999955582179513,12.2,
147,83.80962500001488,26.810291000003872,37.04558299997984,11.931803775518892,19.5,
148,90.69137499997737,27.613540999993802,36.91770899999369,11.026406866146306,13.7,
149,84.40425000000573,27.361624999997503,37.18320899997707,11.847744633711361,13.5,
150,88.82070900000372,28.162915999985216,37.21450000000459,11.258635640928718,15.0,
151,90.69062500000769,28.253332999980785,37.08916599998702,11.026498053133004,11.5,
152,91.8844589999992,28.27108399998224,37.25154200000702,10.883233257106175,12.3,
153,76.59158300000968,26.484957999997505,37.13883400001805,13.056264942322365,26.9,
154,91.88374999999382,27.54937500000665,37.00816700001042,10.883317235093989,11.8,
155,90.64862500000004,28.046582999991188,37.15116700001886,11.031606932813371,10.8,
156,83.3273750000103,27.502666999993153,37.06925000000183,12.000858061349902,15.5,
157,88.89874999999847,27.587791999991396,37.00849999998468,11.248752091565036,22.6,
158,92.73650000000089,28.66829199999188,37.098458000002665,10.783240687323659,22.2,
159,78.60362499999951,26.71408400001951,36.939958000004935,12.72205957422455,16.0,
160,95.44983400002138,28.436416999994663,37.015916000001425,10.476707586518966,15.0,
161,82.6594590000127,27.42604200000187,37.07491599999457,12.097828997403024,13.2,
162,87.77412500000992,27.625333999992563,36.82529199997475,11.392879165698172,13.7,
163,89.10075000000006,27.918042000010246,37.184999999993806,11.22325008487582,13.9,
164,91.49195799997756,28.564791000007972,37.10541699999226,10.929922387279605,13.6,
165,82.01424999998608,27.09045899999296,37.04720799998995,12.19300304520458,12.9,
166,89.10033300000464,27.75408400000856,37.35000000000355,11.22330261100088,12.8,
167,88.56391699998767,26.8357500000036,36.83633399998598,11.291280172264052,13.1,
168,85.23445800000218,26.771208000013758,37.07816699997579,11.732344212243063,12.6,
169,88.94495899997423,27.588457999996763,37.111334000002216,11.242908100056459,13.9,
170,87.80420799999433,27.216457999998056,37.25616699998113,11.38897579942939,15.7,
171,91.10595900000362,27.74333400000728,36.92329199998312,10.976230435156939,14.3,
172,83.19104200000993,27.0154999999761,36.990292000012914,12.020524998351153,14.2,
173,87.37737500001685,26.54595900000345,36.99799999998277,11.444610232337686,22.3,
174,87.62487499998883,27.29512499999487,36.91533299999605,11.412284468310254,12.6,
175,87.94191699999487,27.37937500000953,36.840208000000985,11.371141704814763,13.2,
176,89.58375000000274,27.731791000007888,37.170874999986836,11.16273877795883,18.5,
177,89.75849999998786,27.822167000010722,36.74912500000005,11.141006144266395,15.8,
178,87.53787500000954,28.003124999997908,36.997166999981346,11.423626630185975,14.1,
179,85.11683300000072,27.160624999993388,37.02595800001518,11.748557421068421,13.1,
180,91.3392920000149,28.269999999992024,35.89620799999693,10.948190839927213,12.8,
181,82.48562499997547,26.756416000011995,37.41862500001503,12.123324518669737,12.7,
182,87.53254199999105,25.090124999991303,37.11624999999685,11.42432262506557,12.8,
183,90.25237500000571,26.379125000005388,37.27566599999932,11.080040829949757,14.7,
184,89.36445899999512,26.982875000015838,36.299165999992056,11.19013096694352,12.7,
185,82.89754200001198,26.290375000002086,36.955500000004804,12.063083848732878,13.1,
186,92.89429200001109,27.98400000000356,37.56291600001305,10.764924070898571,14.1,
187,82.35787500001379,26.57637499999055,37.04020899999705,12.142129699191882,13.6,
188,89.65858299998786,27.513333000001694,36.16008299999862,11.153421864810594,14.1,
189,88.04054099999803,26.6900000000021,37.081542000009904,11.358403624530458,13.0,
190,90.7558330000029,27.991458000002467,36.822499999999536,11.018575522302442,23.7,
191,84.37591699998848,26.1582499999804,36.90341699999067,11.8517230455716,12.9,
192,89.55662500000017,27.712291999989702,36.85349999997811,11.166119759425928,12.3,
193,88.44037500000468,27.334459000002198,37.10324999997283,11.307052915593665,11.5,
194,88.72695899998462,27.595958999995673,36.65854199999785,11.270531654310089,12.2,
195,83.97358299998814,27.25916599999323,36.9654579999974,11.908506988443511,11.9,
196,91.37054100000341,28.064042000011113,37.45324999999866,10.94444652571295,13.3,
197,87.01824999999985,27.222792000003437,37.10412499998483,11.491842228498065,11.6,
198,85.88708400000655,27.36779200000683,37.05174999998917,11.643194219982178,11.4,
199,85.45983299998738,27.512457999989692,36.8784580000181,11.7014036290025,12.1,
200,96.26637499999902,29.224124999984724,37.147458999982064,10.387843107211737,15.9,
201,80.44716599999902,26.868624999991653,37.037749999996095,12.430518683529662,12.3,
202,87.25741599999992,27.30566700000736,37.057207999993125,11.460343955177413,12.8,
203,91.04241699998283,28.1221250000101,35.775875000013,10.983891168005663,11.5,
204,88.49458299999924,28.48625000001448,37.06933399999457,11.300126698150649,11.7,
205,85.88045899998065,27.61791699998639,37.09862500002714,11.644092400580035,11.5,
206,91.47287499999379,28.217208000000937,37.577083000002176,10.932202579180636,11.4,
207,82.51812499997868,27.03829099999666,36.985291999997116,12.11854971256628,11.5,
208,91.26779199999646,27.9540840000152,37.26216700002283,10.956767750008007,15.1,
209,83.3867499999883,27.215582999986054,37.00587500000552,11.992312927415211,19.7,
210,92.89216600001282,28.429082999991806,37.083165999973744,10.765170445049822,11.7,
211,85.12720799998874,27.37487499999247,37.01158299998042,11.7471255488625,11.5,
212,89.14604200001008,28.24950000001536,35.67295799999215,11.217547942284268,30.1,
213,89.39849999998728,28.270709000025818,37.253958999997394,11.185870009006218,20.7,
214,84.56379200001152,28.06479200000922,37.04862499998285,11.825392125271106,17.3,
215,87.58900000000835,28.012458999995715,36.93824999999151,11.416958750526945,21.2,
216,92.0885000000169,28.95679200000245,37.05883300000323,10.85911921683833,18.9,
217,83.166250000005,27.334499999994932,36.80604199999493,12.024108337215397,13.1,
218,84.24533300001258,27.278166000002102,37.137958000016624,11.870093741570832,13.8,
219,89.89945900000862,27.15295800001627,36.90616700001215,11.123537461998566,17.8,
220,91.8573330000072,28.28287500000215,37.26875000000973,10.886447138628787,13.9,
221,82.43095799997491,26.63791599999854,36.924999999996544,12.131364529335015,,
222,90.66512500001522,27.503499999994574,37.060374999981605,11.029599308442272,,
223,89.98791700000197,27.829459000003,37.08812499999681,11.112603039805645,,
224,84.27062499998783,27.038083000007873,36.165250000010474,11.86653119043729,,
225,87.40895899998691,26.94537500002525,37.024500000001126,11.440474883131257,,
226,94.45837499998788,28.780667000006588,37.11191700000427,10.586673759739444,,
227,80.10070899999278,26.674000000014075,37.026083000000654,12.484284003030362,,
228,88.5994590000223,33.73758299997576,39.19450000000779,11.286750633542223,,
229,85.44187500001499,24.254374999998163,36.4327499999888,11.703863006281459,,
230,91.16458400001193,25.89970799999719,37.49100000001704,10.969171975817595,,
231,89.27474999998708,25.956958000023178,37.36637500000484,11.201375528916572,,
232,83.52458299998489,24.234208999985185,37.27304200000958,11.972523107360871,,
233,117.88979199999972,53.04533300000003,39.043999999989865,8.482498637371439,,
234,85.43699999998466,23.842792000010604,37.686375000021144,11.704530823884026,,
235,88.61387499999296,25.05412499999693,37.193833999992876,11.284914467402306,,
236,87.16416600000798,24.278957999996464,37.31316700000775,11.47260446454462,,
237,91.01420800001847,24.92729200000099,37.53962500002217,10.987295522033188,,
238,83.48370900000646,25.263292000005322,36.4654579999808,11.978384908604417,,
239,87.14112499998805,24.765624999986358,36.59179199999585,11.475637937886814,,
240,90.81570899999747,24.72620899999356,37.45366600000466,11.011310829495676,,
241,87.27575000000343,24.78200000001607,37.21620900000744,11.457936482928657,,
242,85.69783300001177,24.7324590000062,37.00774999998657,11.668906493818376,,
243,89.61220800000547,24.50383400000078,37.28287499998828,11.159193845552148,,
244,94.55270900002688,25.84770800001479,37.41629199998897,10.576111573912872,,
245,84.7268750000012,25.782417000016267,37.19633300002556,11.802630511275034,,
246,85.92858299999762,26.847207999992406,37.307874999982005,11.637571167675693,,
247,92.41233299999863,26.98524999999563,35.735791000007566,10.821066491201071,,
248,86.80641699999114,26.024041999988867,37.37183300000879,11.519885678498884,,
249,85.75945799998408,25.973832999994784,37.03224999998156,11.660521455256697,,
250,85.47724999999673,25.510083999989774,36.92549999999528,11.699019329705136,,
251,94.24983399998155,27.350917000006802,35.99766700000373,10.610098262880715,,
252,79.69837500002086,25.18233300000361,37.09895899999083,12.547307269436024,,
253,93.43549999999823,26.354999999995243,36.57762500000672,10.702570222239073,,
254,90.70095900000297,26.73937500000534,37.60950000000207,11.025241750751139,,
255,84.32154199999786,25.99191699999892,37.13691699999799,11.859365664826496,,
256,88.4287499999914,26.1524169999916,37.49525000000631,11.308539360785913,,
257,88.34058299999015,26.333832999995366,35.54650000000947,11.319825679666518,,
258,90.06970799998726,26.028041000017765,37.22733300000414,11.102511845604534,,
259,84.2967920000035,26.21820900000671,36.75191700000369,11.862847639563299,,
260,88.55975000000171,26.365083000001732,37.06029200000671,11.291811460623823,,
261,89.89329199999929,26.314292000023443,37.14587499999311,11.124300576287805,,
262,88.23337500001571,26.20324999998047,37.20345800002178,11.333579838692806,,
263,84.36574999998925,26.726584000016373,36.44308299999466,11.85315130844125,,
264,86.98120799999742,25.73674999999298,37.89595800000711,11.496736168575971,,
265,92.65391600001749,26.620582999981934,37.527332999985674,10.792851971845542,,
266,77.80891600000928,24.10875000001056,37.01449999999795,12.85199757827086,,
267,90.46462500000985,24.805874999998423,37.012875000016265,11.054044605832292,,
268,91.20591699999636,25.56079199999317,37.38675000002445,10.964200930078253,,
269,88.88541600001076,26.04433300001574,37.009291999993366,11.250439554672038,,
270,87.64266700001144,26.261541999986093,37.803833999987546,11.409967704427222,,
271,88.089999999994,26.033084000005147,35.96558399999594,11.352026336701874,,
272,88.98008300002402,26.36566699999321,37.439583999997694,11.238470074249426,,
273,88.28920799999196,26.441750000003594,36.65833299999122,11.326412623387572,,
274,86.36754200000496,26.379375000004757,36.74075000000698,11.578423755534718,,
275,89.41754099998889,25.83758299999772,37.1359590000111,11.18348803620225,,
276,82.0768750000127,24.959625000008145,36.29683300002284,12.183699732718202,,
277,96.53479099998208,26.981624999990572,37.194042000010086,10.35895960038061,,
278,81.23137500001576,25.339290999994546,37.64745800000924,12.310514256342527,,
279,89.97045800001047,25.59545799999796,36.88279099998226,11.114759469156905,,
280,88.54862499998717,25.613332999995464,37.769249999996646,11.293230132033614,,
281,89.96412499999451,25.706708999990724,37.307042000009005,11.115541889615011,,
282,85.0120830000094,25.002250000000004,37.776708999984976,11.763033732509406,,
283,85.82395899998119,25.255332999989832,36.58662500001242,11.651757989866434,,
284,91.2901669999826,26.36254200001531,37.832250000008116,10.95408227263064,,
285,89.92008299998133,26.46737500000995,37.52662499999815,11.12098617613829,,
286,81.2022920000004,25.336957999996912,36.879458000015575,12.3149233275336,,
287,91.87237500000833,26.69283400001632,36.52233299999352,10.884664731916523,,
288,91.14583299998458,27.45454199998676,37.44270800001459,10.97142861155451,,
289,87.59470800001168,26.551833000013403,37.81650000001946,11.416214778635561,,
290,82.10679100000107,25.417959000009205,36.93858399998362,12.17926054374707,,
291,91.15854199998807,26.716374999978143,37.20270800002368,10.969899013963285,,
292,87.08941599999775,26.20512499998995,37.142208000005894,11.482451553011055,,
293,87.11004200000616,26.286374999983764,36.58495799999173,11.47973272702508,,
294,87.52379199998472,26.595333999978266,37.62774999998442,11.42546474677622,,
295,88.60762499998032,26.20687499998553,37.19641699998988,11.285710456636458,,
296,88.25270799999885,25.862541000009287,37.61787499999514,11.331097058234327,,
297,90.08233399998744,26.07366600000205,37.19579099998782,11.100955710141118,,
298,82.66166600000702,25.531750000027387,36.08241700001713,12.097505995099532,,
299,90.11983400000645,26.00520900000447,37.03066599999261,11.096336462403253,,
300,89.64458299999478,26.139209000007213,37.46220799999378,11.155163720266938,,
301,89.36779200001865,25.941625000001522,37.046666000009054,11.189713627475447,,
302,84.22954099998492,25.6557090000058,37.385292000010395,11.872319237738445,,
303,89.04624999999555,25.86379100000613,36.88733399999933,11.230119179640354,,
304,89.28574999998773,26.302250000014737,37.30391699997426,11.19999552000333,,
305,85.5036250000012,25.55295800002,36.529207999990376,11.695410574697693,,
306,87.52987500000131,25.81358400001932,37.43970899998317,11.424670719568434,,
307,84.9881249999953,25.509457999987717,37.12437499999055,11.766349710621986,,
308,92.89508300000193,25.700333000003184,37.22387499999513,10.76483240776026,,
309,85.1132919999884,25.43441700001381,37.27508299999727,11.749046200681983,,
310,86.70183300000645,25.942291999996314,36.60062500000549,11.53378152916243,,
311,95.36079099999029,26.839124999980868,37.430999999997994,10.486490197004573,,
312,82.07299999997986,26.072749999997313,37.49970800001279,12.18427497472062,,
313,89.35820799999306,26.279082999991488,37.36558300002457,11.190913765863318,,
314,89.57345800001804,27.01754199998163,37.31920800001376,11.16402137784832,,
315,86.4369159999967,26.520333000007668,36.85158400000432,11.569130948633546,,
316,83.48358300000314,25.503665999991654,36.18683299998793,11.97840298732701,,
317,91.88970800002494,26.296041999984254,37.288417000013396,10.882611576039926,,
318,90.93662500001187,26.428750000007994,37.46058300001209,10.996669383758958,,
319,80.82441699997389,25.72604200000228,36.640708000021505,12.372498771012763,,
320,91.47512499998811,26.161292000011827,37.104999999996835,10.931933681425743,,
321,88.59533400001851,25.723458000015853,36.50287499999649,11.287276144811317,,
322,85.88454200000228,25.88558300001864,37.107292000001735,11.64353883379821,,
323,88.82324999999014,25.725584000014123,36.56095799999548,11.258313560921392,,
324,90.83954199999766,25.96733400000062,37.19970800000283,11.008421861044011,,
325,88.75520799998071,26.132958000005146,37.752250000011145,11.266944470461016,,
326,86.93070800001124,25.34191600000213,38.87637500000096,11.503414880733178,,
327,75.94562500000279,24.730165999983456,37.7795830000025,13.167315431270245,,
328,106.4205829999878,40.63412499999686,37.631666999999425,9.396678460219624,,
329,72.62866599998574,24.058625000009215,37.108625000001894,13.768668145442687,,
330,90.67449999997734,25.027166999990413,37.123540999999705,11.028458938293014,,
331,94.07341699997573,26.611875000014606,37.4617920000162,10.629995506597341,,
332,87.84933299997988,26.03587500001936,37.017999999989115,11.383125697724182,,
333,80.87483299999576,24.714665999994168,37.1165420000068,12.364785964999179,,
334,90.8420000000092,25.805249999990565,36.89520900002208,11.008123995507571,,
335,88.01804199998742,25.889750000004597,37.04762499998537,11.36130703748378,,
336,86.05508299999087,25.582582999987835,37.258957999995346,11.620464069508898,,
337,88.41858399998159,25.941125000002785,37.35116600000765,11.309839569475669,,
338,88.13745899999503,25.49808399999165,37.17837499999632,11.345913659708028,,
339,83.85937500000296,25.243750000015552,36.1641249999991,11.924725172349124,,
340,90.08141699999328,25.503291999996236,36.63212500001123,11.101068714317345,,
341,89.0217909999933,25.77608400000031,37.258209000015086,11.23320468805301,,
342,89.24945800001183,26.059083000006922,37.38070900001844,11.204549836032253,,
343,84.93587499998512,25.180500000004713,37.1896669999785,11.773588015666823,,
344,91.07341699998983,26.145708000001378,36.61579100000267,10.980152419230208,,
345,85.18458399998963,25.33041599997432,36.8878749999908,11.739213283005782,,
346,90.61012499998355,26.141082999998844,36.51525000000788,11.036294233124405,,
347,84.27925000000869,25.493124999997008,36.96345899999187,11.865316789125401,,
348,90.38737499997751,25.401500000015176,37.02395799999181,11.063491997640698,,
349,86.16433399998868,25.38504200001057,37.20170799999778,11.605730046031939,,
350,89.66924999998582,25.749292000000423,36.47162500001855,11.15209506046006,,
351,84.90700000001539,24.989207999993823,37.073875000004364,11.777591953547043,,
352,97.66475000000696,26.295665999981566,42.83016699997688,10.239108787970364,,
353,70.18595799999616,23.684624999987136,37.18108300000722,14.247864223781837,,
354,102.63729199999716,25.645832999998674,37.48262499999555,9.743047390611471,,
355,82.61375000000726,25.092291999982308,37.10091700000362,12.104522552237517,,
356,89.44770800002289,26.12354199999345,36.61150000002067,11.179716309776703,,
357,90.64412499998298,25.424000000015212,37.3325829999942,11.03215459358439,,
358,83.39816599999494,25.220209000025307,37.07400000001826,11.990671353612987,,
359,87.05025000000433,25.206792000005862,36.209624999997914,11.48761778398052,,
360,93.82424999998307,24.447124999994685,38.615957999979855,10.658225352189657,,
361,86.11441600001513,27.976958000010654,38.20504199998709,11.612457547175659,,
362,90.56062499999484,24.670082999989518,37.50095799998121,11.042326618219088,,
363,87.7808329999823,24.6544169999936,37.51416599999402,11.392008549294601,,
364,88.43591600000877,25.231999999988375,37.01841700001296,11.307623025015094,,
365,90.67687499998556,26.728500000018585,36.977250000006734,11.028170081954846,,
366,82.64429099997983,30.210165999989158,39.25054199999067,12.100049354894267,,
367,84.14049999998952,24.407249999995884,37.16399999998998,11.884883023040327,,
368,93.7451249999981,26.055958999990025,37.076541999994106,10.667221362177717,,
369,90.4652080000119,29.78195800000094,38.965625000003,11.05397336841218,,
370,70.48729100000628,24.407458000013094,36.62308300002337,14.186954638388796,,
371,89.24816699999383,24.95333400000277,37.37245900001085,11.204711913019672,,
372,100.97129100000757,26.170084000000315,37.00854199999526,9.903805231131738,,
373,67.04033400001208,24.639207999996415,37.092790999992076,14.916393465459462,,
374,96.22295799999847,24.75766599999929,37.6841249999984,10.392530231714721,,
375,91.97158300000297,26.19162499999561,37.11337500001832,10.872923650775563,,
376,82.17533299998081,25.173749999993333,37.22620900001061,12.169101888522112,,
377,93.64250000001562,28.043792000005396,36.79345900002318,10.678911818883874,,
378,86.73208299998691,28.2167080000022,37.09266699999603,11.529758832151545,,
379,80.51370799998381,25.371833000008337,36.81470800000852,12.420245258114322,,
380,89.36845800002402,26.76658400000065,37.09720800000582,11.189630238441971,,
381,92.26437499998497,28.48233299999947,36.377499999986185,10.838419487480005,,
382,81.50824999998463,26.313334000008126,37.09633299999382,12.268696727020744,,
383,89.51308300001415,27.128207999993492,37.15304100001049,11.171551313899466,,
384,90.55258300000446,27.061541000023226,38.56212499999856,11.043307290306128,,
385,82.86770799998067,25.75983299999507,36.973832999990464,12.06742679549232,,
386,85.12120800000389,25.334708000002593,35.96408299998188,11.747953576974076,,
387,96.36170900000707,27.51662500000407,36.80904199998736,10.377566051676467,,
388,79.19145799999683,25.994457999985343,36.90004199998498,12.627624560215068,,
389,89.49358300000654,27.917707999989716,37.08624999998733,11.173985513575056,,
390,89.5086660000004,27.50558299999284,37.150499999995645,11.172102598423214,,
391,86.55754199998,27.831542000001264,36.82445800001233,11.553008286675135,,
392,90.12933299999304,27.45420799999465,37.2715830000061,11.095166986313737,,
393,82.419208999994,27.484917000009546,37.04591600001095,12.133093876211221,,
394,94.05699999999229,28.206124999996973,37.38137499999539,10.631850898923865,,
395,89.99791699997672,28.217124999997623,37.41870800001834,11.111368277559787,,
396,82.48566699998605,25.76862500001198,37.18050000000517,12.123318345721435,,
397,84.76824999999621,26.815833000000566,37.101042000017515,11.796869700625466,,
398,91.32737499999166,26.93758399999524,37.195916000001716,10.949619432290607,,
399,92.48625000000743,28.247625000005883,37.346041999995805,10.812418062143504,,
400,81.33004100000107,26.754750000009153,37.21983299999465,12.295579686231644,,
401,90.24491700000681,26.7195830000162,37.06291599999645,11.080956504175461,,
402,84.55508399998735,26.86091699999338,35.271332999997185,11.82660997652311,,
403,89.02849999998352,26.81191600001398,36.9937499999935,11.232358177439641,,
404,86.77550000001588,27.040999999996984,37.04687500001569,11.523990066318454,,
405,97.10645900000259,29.338499999994383,37.309916999987536,10.297976162429869,,
406,76.84329099998877,26.841958999995086,36.950915999995004,13.013497821171482,,
407,92.73333300001241,27.572292000002108,36.923458999979175,10.783608953210667,,
408,89.22491600000626,27.78050000000576,36.78479199999174,11.207631733718078,,
409,84.09358399998723,26.988165999995317,36.994083999985605,11.891513626059176,,
410,88.09637500002054,26.9672089999915,37.041791999996576,11.351204859448153,,
411,91.58504200001971,27.435167000021465,36.99829200002114,10.918813576564007,,
412,82.55145799998331,25.893666999991183,36.85720800001491,12.113656429910689,,
413,94.56016699999736,27.740499999993062,36.9552090000127,10.575277431564052,,
414,82.99295899999493,26.47412499999291,37.15824999997608,12.049214921955743,,
415,87.921625000007,27.199916000000712,36.80700000001025,11.373766124089727,,
416,88.97200000001249,27.698125000000573,37.16554100000735,11.239491075842508,,
417,88.60366600001157,27.893125000019836,35.86695800001394,11.286214726147668,,
418,83.6264580000261,26.462541999990208,37.32404100000508,11.957938000909806,,
419,88.314749999995,26.440125000021908,36.880124999981945,11.32313684860181,,
420,92.28008400000931,27.93066699999258,37.15595900001745,10.83657444438281,,
421,83.75279199998431,27.356166000004123,37.261792000009564,11.939900463260823,,
422,87.31420800000933,27.197334000021556,37.148583999993434,11.452889774822136,,
423,89.94483399999353,27.692666999996618,36.24758300000508,11.117925905561979,,
424,83.54841599998508,26.1367080000241,36.976750000007996,11.969107828449776,,
425,91.10558300000093,27.613791999982595,36.96241599999439,10.976275734934815,,
426,87.1812919999968,27.28929200000607,37.19345799999019,11.470350772044496,,
427,86.39875000000075,26.951542000006157,36.82974999998123,11.574241525484933,,
428,87.06308400002172,26.655167000001256,37.32733300000746,11.485924390178397,,
429,91.49391699997977,27.52375000000029,37.178167000007534,10.929688363874737,,
430,84.07362500000204,27.004958999981454,37.45945800000072,11.894336660278128,,
431,89.2748329999904,27.176417000021047,37.693541999999525,11.201365114848297,,
432,89.47558400001299,26.778875000019298,37.13445799999704,11.176233283929779,,
433,83.79662499999085,25.885458000004746,36.98104200000785,11.93365484588561,,
434,89.27779200001851,26.437041999997746,37.11404199998469,11.200993859702452,,
435,87.45874999999614,27.46487500002104,36.88620900001638,11.43396172481363,,
436,87.84895899998446,26.585584000002882,37.19345800001861,11.383174159185847,,
437,93.81445899998653,28.53995799998188,37.60941699999876,10.659337704011527,,
438,77.64341699999022,26.56629200001248,37.09437500000945,12.879391951543374,,
439,95.5219159999956,28.279124999983196,37.070334000020466,10.468801735510059,,
440,86.63420899998187,27.92324999998641,37.106167000018786,11.542784444424365,,
441,85.48033299999247,27.397874999991245,36.36883300001159,11.698597383799243,,
442,87.58962500002099,26.842166999983874,37.12458299997934,11.416877284264665,,
443,91.75041699998587,27.633916000013414,36.94158400000447,10.899133025195448,,
444,81.84845799999607,26.372249999980113,37.01137500002005,12.217701156936249,,
445,88.95741699998894,26.85220899999763,37.07891700000232,11.241333592230138,,
446,87.34200000000669,26.53312500001448,36.99037499998781,11.449245494721021,,
447,90.3844579999884,27.780750000005128,37.10508300000015,11.063849052456877,,
448,86.7217079999989,27.484000000015385,37.181832999976905,11.531138201291109,,
449,90.18220900000529,27.561707999979035,36.711041000017985,11.088661622825644,,
450,82.64049999999656,26.554916999998568,36.98812499999349,12.100604425191541,,
451,93.55950000002622,27.32537500000376,37.003832999999986,10.688385465930448,,
452,83.953790999999,26.95566699998153,37.078374999993,11.911314403896448,,
453,88.82012500001224,27.314708000005794,37.06524999998351,11.258709667430239,,
454,87.76966600001401,27.714583999994602,36.57845800000814,11.39345796302609,,
455,86.88954199999444,27.219416999997748,36.93991699998378,11.508864898839771,,
456,87.90416599998707,26.81466699999646,37.160416999995505,11.376025113532698,,
457,89.99279099998603,27.607041999999637,36.59175000001369,11.112001182407546,,
458,83.92724999998791,27.043582999993987,37.21095800000285,11.915081216174057,,
459,87.36191599999188,27.541374999998425,37.16720799999962,11.446635396596532,,
460,89.5459580000022,27.341999999975997,37.056124999992335,11.16744990321032,,
461,85.90366699999663,27.63029199999778,37.15650000000892,11.64094659661082,,
462,91.66520799999489,27.990958999993154,37.06345800000577,10.909264505242335,,
463,88.5209580000037,27.928916999997,37.21662500001344,11.296759802350515,,
464,82.92279200000507,26.818582999993623,36.937999999992144,12.059410638271066,,
465,89.37120899997808,27.21033299999931,36.93695800001251,11.18928580232416,,
466,89.12562499997989,27.04037499998435,36.41133399997898,11.220117670986607,,
467,86.10570800001938,27.425874999977395,37.14812499998743,11.613631932505276,,
468,87.94904200001952,27.080458000000363,37.158625000017764,11.370220496543647,,
469,90.80366599999934,27.579250000002276,36.96566700000403,11.012771224457031,,
470,82.77404200001115,27.01600000000326,36.99258299999997,12.08108213441921,,
471,89.02749999998605,27.700957999996945,36.97712499999284,11.232484344726705,,
472,89.51812499998368,27.43104200001767,36.57262499999092,11.170922089802286,,
473,85.69220900000118,26.843165999991925,37.07387499997594,11.66967232692048,,
474,87.96687500000644,26.689584000024524,36.82704100000933,11.367915479547577,,
475,92.29216700001075,27.987792000004674,36.921374999991485,10.835155707199762,,
476,81.24895900002116,26.244875000003276,36.86908299999914,12.307849999650328,,
477,89.33654099999444,27.37170799997557,36.90941600001452,11.1936279243234,,
478,87.31591699998376,27.068665999991026,37.273583000001054,11.45266561193174,,
479,91.80354199997964,28.237250000017866,36.85425000000464,10.8928258999007,,
480,77.76266700000178,26.17637500000569,34.768750000012005,12.85964124661487,,
481,95.59670799998798,27.723250000008193,37.62862500002484,10.460611258707,,
482,83.2531670000094,24.89445800000567,36.84920799997826,12.011555067927771,,
483,91.65441700000088,26.96616599999402,36.77004099998271,10.910548915498426,,
484,86.42154099999289,26.665415999985953,36.749958999990895,11.571189178402665,,
485,92.19804099998896,28.132707999986906,37.025666999994655,10.846217437527981,,
486,84.67558400002417,27.15341699999385,37.099624999996195,11.809779782560632,,
487,88.86833299999353,27.677584000002753,36.860582999992175,11.252602206458322,,
488,87.22066699999687,27.013582999984465,37.18670800000723,11.46517258346621,,
489,88.99583299998426,27.393417000013187,38.37137499999699,11.236481150754292,,
490,81.42770800000676,26.627375000003894,37.56995899999538,12.280831974294511,,
491,94.41033400000265,27.08641699999248,37.2644159999993,10.592060822493986,,
492,84.02354099999343,26.556666000004725,37.23512499999515,11.90142652997781,,
493,90.31191700000818,26.979124999996884,37.05537499999423,11.072735838393392,,
494,88.59095899998692,27.292333000019653,36.76679099999092,11.287833558728579,,
495,85.17862499999751,26.81150000000798,37.205666999994946,11.740034545051993,,
496,87.42854100000841,26.78341600000067,37.13687499998741,11.437912477573015,,
497,91.07124999999883,27.120917000019062,37.2236659999885,10.980413687085802,,
498,82.52995799998075,25.502999999986287,37.1007910000003,12.116812176255236,,
499,92.34637500000531,27.499083999998675,37.08020800002032,10.828795391264059,,
500,89.57545799998456,27.848457999994025,38.51324999999406,11.163772112671445,,
501,73.72262500001625,26.120457999979863,37.226207999992766,13.564356939267688,,
502,95.9031669999888,26.148750000004384,37.00249999999983,10.427184328543778,,
503,92.96958299998437,27.612959000009596,36.841417000005094,10.75620614540315,,
504,82.35700000000179,25.95929099999239,37.07624999998416,12.14225870296366,,
505,88.7851669999975,27.032458000007864,36.976499999980206,11.263142637328464,,
506,89.16574999997806,26.053875000002336,37.144334000004164,11.215068566128206,,
507,90.87937499998588,27.491999999995187,36.94729200000779,11.003596800705939,,
508,82.39358299999822,26.06049999999982,37.39612499998657,12.136867503383383,,
509,89.36591700000918,26.909041999999772,37.01429200000916,11.189948400573087,,
510,87.02216699998644,26.383042000020396,37.05137500000433,11.491324963214899,,
511,87.35820800001193,26.686957999999095,36.764250000004495,11.447121259628672,,
512,90.04216599998927,26.789999999977,37.21087499999953,11.105907869876422,,
513,90.13704200000916,27.24920899999006,36.965167000005295,11.094218068526127,,
514,82.78758299999822,26.255625000004557,36.91100000000347,12.079106114258964,,
515,91.79995799999574,27.558124999984557,36.91279200000963,10.893251171204746,,
516,83.82100000000037,25.9954999999934,36.99358400001529,11.93018455995509,,
517,90.0198330000137,26.849957999985463,37.08333299999822,11.108663132043889,,
518,87.46383300001526,27.389084000020603,36.57725000002188,11.433297234981978,,
519,92.59604100000729,27.801874999994425,36.97104200000467,10.799597792738474,,
520,82.28591599998936,26.638665999996647,37.13541700000178,12.152747986667967,,
521,90.18729199999598,27.834875000024795,37.1672500000102,11.088036660420457,,
522,84.95575000000599,26.158624999993663,37.39137499999856,11.770833639864628,,
523,96.59370900001818,27.639374999978372,37.283584000022074,10.352641081416719,,
524,75.5052079999814,26.379832999992914,37.01429099999132,13.244119531466577,,
525,93.8364579999984,27.81308400000171,36.888708999981645,10.656838731061407,,
526,97.36154199998737,35.93729100001042,37.01116699997442,10.270995913356936,,
527,67.46779200000219,25.089708999985305,36.913792000007106,14.82188716061684,,
528,95.4215829999896,25.910374999995156,36.854417000000694,10.4798093739454,,
529,90.82637500000601,27.272082999985514,36.87820800001873,11.010017739890355,,
530,87.93687499999692,26.822832999982893,36.973875000001044,11.371793687233428,,
531,84.25454199999649,26.44612500000676,37.333958999994366,11.868796343347777,,
532,88.64495900002112,25.529916000010644,37.027791000014076,11.280957330013113,,
533,90.14558300000886,26.822750000008,37.043957999998156,11.093166927545433,,
534,83.52987500001063,25.99995799999988,36.97150000002125,11.971764593205398,,
535,90.36341699999184,26.615249999991875,36.75754099998585,11.066425254814018,,
536,87.7951669999959,25.576791999981197,37.04083400000968,11.39014861717897,,
537,85.92887499997914,25.905249999993885,36.86199999998507,11.637531621358278,,
538,87.19333300001608,26.48179199999845,36.9740419999971,11.468766769126896,,
539,94.04137500001752,27.21383400000832,36.9944999999916,10.633617383835718,,
540,79.91391700002737,26.23829199998795,36.95133299999043,12.513464957544974,,
541,94.94774999998867,27.691792000013038,37.37912500000107,10.532108449121957,,
542,83.28012499998749,25.949458000013692,37.00037499999098,12.007666895314461,,
543,91.3277920000155,27.07645800001046,36.84708399998726,10.949569436648925,,
544,84.35658400000534,26.114333000009537,37.037415999975565,11.85443924566619,,
545,89.98554200002218,27.119708999975956,37.10654099998578,11.112896336166465,,
546,88.67175000000316,27.57354199999895,36.08420800000545,11.277548937513519,,
547,86.6328750000207,27.619041999997762,37.10912500000063,11.542962183810257,,
548,87.72133400000826,27.130833000001076,37.15900000000261,11.399735439498741,,
549,88.94329200001039,26.83979200000408,37.237500000003365,11.24311881777305,,
550,85.70512500000405,26.68004099999166,37.30091700001026,11.667913674940126,,
551,91.40854199998216,27.996542000011004,37.32341600002087,10.939896623667787,,
552,83.83283300000244,26.81062499999598,36.4929170000039,11.92850061502718,,
553,88.2194170000048,27.52108300001055,37.183874999982436,11.335373027912276,,
554,87.89883299999701,26.865874999998596,37.6469580000105,11.37671531998649,,
555,91.14487499999768,27.309916000007206,36.85304100000053,10.97154392937645,,
556,84.57841700001723,26.36070899998799,37.42066600000271,11.823347320390216,,
557,87.87158300000897,26.401624999977003,36.293000000000575,11.380243371738255,,
558,87.83166599999959,26.60570800000528,37.37912500000107,11.385415369440956,,
559,87.73916600000575,27.725042000014355,37.02737500000808,11.397418571313231,,
560,88.89079200000083,27.350999999981696,37.374874999983376,11.24975914265665,,
561,229.460749999987,27.9081659999747,176.2868329999776,4.358043804877552,,
562,70.72004200000492,23.8446250000095,36.79995800001734,14.140263095431001,,
563,98.7212500000112,26.193374999991192,36.79483300001607,10.129531382553266,,
564,85.82791700001735,27.043625000004567,36.82320900000491,11.65122066285027,,
565,81.32112499998811,26.1694160000161,36.89187500000912,12.296927766310983,,
566,93.08316700000319,27.76295799998252,36.89283299999602,10.74308096973071,,
567,92.21450000001141,28.698208000008663,36.84999999998695,10.844281539235979,,
568,85.218832999999,27.284457999996903,37.04508300000953,11.734495355035099,,
569,87.22850000000903,26.90816699998777,37.017040999984374,11.464143026647212,,
570,89.00020899997685,27.72258299998498,37.00041600001214,11.235928670687281,,
571,86.66312500000117,27.533333000008042,36.95395799999801,11.538933081399804,,
572,88.24229199998967,27.715667000023814,37.246000000010326,11.332434565504226,,
573,87.50004199998784,27.913041999994448,36.47849999998698,11.428565942861363,,
574,88.95841699998641,27.43787500000394,37.20304199998736,11.241207226070049,,
575,86.95037499998648,27.61362499998654,36.96808300000498,11.500812963718161,,
576,87.23970900001632,26.883916000002728,37.35295900000324,11.462670055442446,,
577,88.5816669999997,27.775667000014437,37.108375000002525,11.289017624832049,,
578,86.03929099999164,26.611457999990762,37.353625000008606,11.622596936556546,,
579,89.67012499999782,27.460582999992766,37.35487500000545,11.151986238449252,,
580,81.82074999999145,25.114792000010766,37.08220800001527,12.221838592289908,,
581,88.29987499998992,25.578666999990674,36.93379199998503,11.325044344628054,,
582,88.40691699998615,26.65458300000978,36.96725000000356,11.311332121220296,,
583,89.56804100000682,27.491709000003084,35.94258299997932,11.164696568499515,,
584,86.02504200001704,26.580082999998922,37.15479099997765,11.624522078115369,,
585,89.11320900000419,27.331459000009772,37.08720800000265,11.2216809519221,,
586,91.1081250000052,28.080499999987296,37.08491699998717,10.9759694868042,,
587,86.74754200001189,27.491709000003084,37.19912500000078,11.527704150970214,,
588,87.80441700000097,27.49970799999346,37.23037499997872,11.388948690360179,,
589,87.5897909999992,27.402291000015566,37.199667000010095,11.416855647024082,,
590,87.79345799999305,27.61433300000249,37.05874999999992,11.390370339440087,,
591,87.84658300001524,27.71470799999065,37.06258400001161,11.383482041638734,,
592,86.61050000000614,27.674249999989797,37.2148339999967,11.54594419845087,,
593,88.3193340000048,27.841583999986597,36.916292000000794,11.322549148750891,,
594,89.8639999999773,28.657083000013017,37.22695799999087,11.127926644710369,,
595,85.25787499999637,27.46316599998977,36.99858299998482,11.729121796667375,,
596,86.73075000001518,27.530290999976614,37.1489590000067,11.529936037677814,,
597,88.77762499997743,27.630416999983254,37.292540999999346,11.26409948452951,,
598,83.22524999999814,26.743457999998554,37.069459000008464,12.015584212724171,,
599,91.65504199998509,27.59595800000625,37.01429099999132,10.91047451595912,,
600,86.80683299999714,27.611915999983694,37.07770799999821,11.519830472331975,,
601,88.89129199999957,27.52483300000108,37.350583999995024,11.24969586447236,,
602,85.47762500001,26.94983300000331,36.975084000005154,11.69896800478351,,
603,88.95375000000172,27.4437920000139,37.12287499999434,11.241797001250433,,
604,88.3550409999998,27.469416999991836,37.27083399999742,11.31797335706066,,
605,87.39358400001151,27.268583999983775,37.06670799999756,11.442487585814861,,
606,87.10258400000725,27.433750000000146,37.339500000001635,11.480715658216486,,
607,88.35770799998954,27.39408400000798,36.86108299999091,11.31763173395261,,
608,84.89516599999547,26.829499999990958,36.92991599999118,11.779233696298483,,
609,89.7414589999812,27.4576249999825,37.06350000001635,11.143121709222594,,
610,88.14245900001083,27.854791999999406,37.24095799998395,11.345270047433974,,
611,87.94920799999772,27.841416000001118,37.128291000016134,11.370199035789224,,
612,86.73679199998219,27.456709000006185,37.1577909999985,11.529132873627669,,
613,88.4412080000061,27.47829199998364,37.174833999984,11.306946418008346,,
614,86.39366700001005,27.677707999998802,37.394833000007566,11.574922499815683,,
615,88.90912499998649,28.049832999982982,37.15304100001049,11.247439450114394,,
616,83.71025000002419,26.749666000000616,37.22833300000161,11.945968384991216,,
617,91.73304099999768,28.144249999996873,37.02120799999875,10.901197530342696,,
618,85.88783300001523,27.31116600000405,37.338082999980315,11.643092683451714,,
619,87.32554200000209,26.961874999983593,37.010667000004105,11.451403301911096,,
620,89.31212500002061,27.84208299999591,37.399625000006154,11.196688019681194,,
621,81.58783400000402,27.119790999989846,36.997374999998556,12.256729355015732,,
622,94.82254200000284,28.48783400000343,35.99308400001178,10.546015524451665,,
623,80.44954199999665,26.37945800000807,37.02529200000981,12.43015156009268,,
624,88.27645899998515,26.308375000013484,37.01316699999779,11.328048398499629,,
625,86.84729199998742,26.6325409999979,36.98300000002064,11.514463801590324,,
626,94.68129100000056,28.805833999996366,37.24100000002295,10.56174867746569,,
627,86.65049999999042,27.79662500000768,37.193375000015294,11.540614306900833,,
628,87.23791700001016,27.647582999975384,36.96766600000956,11.462905516186082,,
629,88.43287500002361,27.73141700001247,37.13241599999151,11.308011867755436,,
630,84.67687499998533,26.020250000016176,37.36699999998905,11.809599728381253,,
631,85.45937499999923,26.15687499999808,36.951208000004954,11.701466340000838,,
632,88.49950000001172,27.03054199997723,37.22033299999339,11.299498867223742,,
633,89.6329579999815,26.583958999992774,36.897917000004554,11.156610495887087,,
634,91.00208300000645,27.826416000010568,37.14212500000258,10.988759455098727,,
635,86.78754199999617,27.663791999998466,37.00570800000946,11.522391082351938,,
636,87.38283399998181,27.416584000008015,37.112583000009636,11.443895262085551,,
637,87.47879200001307,27.50016599998162,37.235250000009046,11.431342124612907,,
638,86.89462500001355,27.289375000009386,37.24016600000368,11.508191674684644,,
639,88.78962500000398,27.64983400001597,37.044207999997525,11.262577131055066,,
640,87.46020799998178,27.906290999993644,37.06237500000498,11.433771115662203,,
641,87.56320800000594,27.690458999984457,37.05087500000559,11.42032164924716,,
642,86.05958300000793,27.638834000015322,37.16420800000719,11.619856442947299,,
643,89.9469169999918,28.593250000000126,37.047124999986636,11.117668435485022,,
644,85.19670900000165,27.605958999998848,37.267167000010204,11.737542585124746,,
645,88.77066599998784,27.845915999989757,37.07258299999694,11.264982511228844,,
646,86.8258750000166,27.501374999985728,37.3815830000126,11.51730402947058,,
647,88.42587499998444,27.46329200002151,37.00808399997868,11.308907036545309,,
648,86.91558300000679,27.609957999999324,37.277583000019376,11.505416698406336,,
649,87.74370800000497,27.201749999989033,37.24145800001111,11.39682859083119,,
650,88.9909160000002,27.60758299999111,37.276249999990796,11.237101998140998,,
651,86.8279169999937,27.458249999995132,37.02066700000728,11.517033168031343,,
652,90.1034999999979,28.379000000001042,37.253084000013814,11.098348010898837,,
653,85.36083299998154,27.255166000003328,37.13695799999073,11.714974712116694,,
654,87.05191699999659,27.509249999980057,37.365542000003416,11.487397801935128,,
655,82.75512499997717,25.83758299999772,37.256915999989815,12.083843749861726,,
656,95.20016600001213,27.57541700000843,37.290374999997766,10.504183364552878,,
657,86.12320800000361,27.470542000003206,37.26966600001447,11.611272074304965,,
658,88.58987499999671,27.381499999989956,37.25087500001223,11.287971678479478,,
659,88.90612499999406,27.861957999988363,36.98162499998148,11.247818977602126,,
660,80.94387500000266,26.3980409999931,37.22662499998819,12.354239279994529,,
661,92.72733299999913,27.79566600000294,36.981166000003896,10.784306715690931,,
662,87.47920800001907,27.594291999974985,37.351666999995814,11.4312877638282,,
663,87.48645899999019,27.44258300000979,36.95404200001917,11.430340322724824,,
664,86.66800000000308,27.586583000015708,37.116875000009486,11.538284026399184,,
665,88.6179159999756,27.733208000000786,37.025874999983444,11.284399872372031,,
666,87.34774999999217,27.401041999979725,37.383292000015445,11.448491804311955,,
667,87.2269999999844,27.868542000021534,36.87204099998098,11.464340169903572,,
668,87.43458299997542,28.07470900000908,37.172708000014154,11.437122082463425,,
669,90.82983400000444,28.670374999990145,37.05708300000765,11.009598454181377,,
670,81.88929199999961,26.778667000002088,37.00183399999446,12.211608814495609,,
671,91.08875000001149,27.646125000018174,37.121541000004754,10.978304126468679,,
672,87.00287499999604,28.23424999999702,37.06504199999472,11.493873047299248,,
673,88.49200000000224,28.090999999989208,37.03629199998204,11.300456538443868,,
674,83.44087500000796,27.08458300000416,37.18720800000597,11.984533958924862,,
675,91.53237499998568,27.932625000005373,37.12504199998534,10.925096174988974,,
676,87.29604100000188,27.810625000000755,37.20012499999825,11.455273212217934,,
677,87.32175000000097,27.760124999986147,36.93995899999436,11.451900586050884,,
678,88.46725000000788,27.908374999981334,37.23204199999941,11.303618005532114,,
679,88.00033299999654,28.04300000002513,36.699334000019235,11.363593362766471,,
680,83.43458400000259,27.39733300001035,37.13283300001535,11.985437597435244,,
681,92.24375000002283,27.24258300000315,37.32916599997793,10.840842875530889,,
682,82.49954199999365,26.48258299998929,36.89291599999933,12.12127941267937,,
683,91.00341600000661,27.41499999999064,36.88412500000027,10.988598493928265,,
684,87.10333400000536,27.301292000004196,37.37945800000375,11.480616803943905,,
685,85.50049999999487,27.44829200000254,37.00683300002083,11.695838036035578,,
686,90.4622090000089,27.596958000003724,37.37125000000674,11.054339829352406,,
687,87.19379200002209,27.179375000002892,36.88466599999174,11.468706395975378,,
688,87.38925000000108,27.836915999984058,37.36962500002505,11.443055066841604,,
689,87.99470799999654,26.914167000001044,37.15024999999628,11.36431977250313,,
690,86.8619160000037,27.235791999999037,37.25374999999076,11.512525236030452,,
691,88.637250000005,26.6295419999949,36.85075000001348,11.28193846266602,,
692,86.7028750000145,26.889041999993424,37.12370799999576,11.533642915529995,,
693,90.64962499999751,26.983458999978893,36.91566699998816,11.03148523780465,,
694,85.87170800001331,27.32108300000391,37.48337499999366,11.645279024843024,,
695,87.27979099998606,26.431374999987156,37.07779199999095,11.457405987603243,,
696,88.50375000000099,27.70308299997737,37.251124999983176,11.298956258915457,,
697,87.44687499998349,27.72600000000125,36.948583999986795,11.435514419471122,,
698,87.51541600000223,27.45083299998896,37.346165999991854,11.426558264888719,,
699,87.90912499998171,27.730832999992572,37.08470799998054,11.375383385970547,,
700,87.72095899999499,27.21916699999838,37.26145900000688,11.399784172446827,,
701,87.68833300001688,27.70366599997942,37.20749999999384,11.404025664392634,,
702,87.77624999999034,27.700707999997576,37.24387500000148,11.39260335227479,,
703,88.00675000000524,28.035750000015014,36.86450000000718,11.362764787927523,,
704,86.20291599999064,27.675582999989956,36.36291699999106,11.600535647774475,,
705,89.32879200000343,27.813457999997127,36.897583000012446,11.194598937372415,,
706,84.47404199998232,26.93241700001181,37.15887499998871,11.837956090703099,,
707,89.76049999998281,27.262833999998293,36.93629200000714,11.140757905762461,,
708,89.87295899999026,28.01162500000487,37.31283400000507,11.126817355597565,,
709,85.97904199999107,27.192208000002438,37.07545900002174,11.630741361366923,,
710,87.62891599999989,27.545041999985642,37.15550000001144,11.41175819178228,,
711,88.17254100000582,27.70304099999521,37.18454199997723,11.341399359239675,,
712,87.43354200001363,27.88225000000466,37.17399999999316,11.437258254959454,,
713,88.20562500000051,28.16050000001269,36.247249999973974,11.337145448490324,,
714,88.51345799999422,27.62687500000993,37.45679100001098,11.297717009316994,,
715,83.84587500000862,27.369041999975252,37.232583000019304,11.926645168887523,,
716,91.89966700000696,28.195500000009588,37.240666999991845,10.881432247191105,,
717,87.16012499999692,27.062792000009495,36.96745799999235,11.473136368265136,,
718,85.30458299998145,27.066375000003973,37.18020799999522,11.72269958813605,,
719,88.42004199999565,28.069333000019014,37.110583000014685,11.309653076166253,,
720,88.18720900001153,27.702290999997103,37.282791999984966,11.339512967236203,,
721,87.69029099997283,27.822333000017352,37.326457999995455,11.403771028657093,,
722,87.31591699998376,27.90633400002207,37.363499999997885,11.45266561193174,,
723,88.45412499999838,28.197290999997904,36.84699999999452,11.305295258983323,,
724,87.39516699998262,28.154209000007313,37.25445800000671,11.44228032655626,,
725,85.36645800000997,26.890500000007478,37.10687499997789,11.714202784422463,,
726,88.76250000000141,27.49008299997513,37.169124999991254,11.26601887058143,,
727,87.80766600000334,27.429458000000295,36.94820800001253,11.388527284166305,,
728,86.65945799998553,27.328333000014027,36.95345799999927,11.539421352025615,,
729,89.03499999999553,27.612583000006907,37.13874999999689,11.231538159151459,,
730,87.65279200000009,27.508166000018264,37.52145800001472,11.408649709640725,,
731,87.87229200001434,27.181832999986,37.18445799998449,11.38015154993154,,
732,85.9724999999969,26.802583000005598,37.13174999998614,11.631626392160703,,
733,87.76804199999333,26.719834000004994,36.9233339999937,11.393668779805706,,
734,90.5687910000097,28.148791999996092,36.4909159999911,11.041331003302153,,
735,84.84245799999712,26.80775000001745,36.9506250000029,11.78655149288619,,
736,88.94516700001986,27.29354199999534,37.154333000017914,11.242881808291806,,
737,89.34925000002636,27.373584000002893,36.92441700002291,11.192035747358876,,
738,83.82208300000116,27.195042000016656,37.08966600001418,11.930030419310699,,
739,88.38458400001059,27.447292000005064,36.06779200001142,11.31419026648222,,
740,89.07283400000665,27.59641699998383,37.4326250000081,11.226767523753935,,
741,87.63729099999296,27.618084000010867,36.776459000009254,11.410667634626913,,
742,88.07116599999176,27.916208000021925,36.75491699999611,11.354453965104693,,
743,89.07383299998628,27.38483400000291,36.789667000022064,11.22664161089996,,
744,85.29979099998286,27.050540999994155,37.099917000006144,11.723358149848233,,
745,88.44183299999031,27.702333000007684,37.25750000000971,11.30686651417672,,
746,87.1507079999958,27.865749999989475,37.22566600001187,11.474376088832786,,
747,88.86091599998736,27.405958000002784,37.059499999998025,11.25354143322293,,
748,86.94637499999658,27.496249999984457,37.427124999993566,11.501342062852412,,
749,88.10087499998076,27.63816699999211,37.256041000006235,11.350625064736512,,
750,87.44366700000228,27.458832999997185,37.107750000018314,11.435933948195173,,
751,88.69649999999751,27.572500000019318,37.48879200000488,11.274402033902444,,
752,85.32012500000974,27.39287500000387,37.058459000007815,11.720564169354954,,
753,88.57687500000111,27.321458000017174,37.22104199999876,11.289628359546297,,
754,90.55145899998251,28.486665999992056,37.54525000002218,11.04344436902108,,
755,81.18079100000841,26.697791999993115,36.34341700001187,12.318184975555319,,
756,95.79916600000615,28.2718750000015,37.18587500000581,10.438504234994443,,
757,78.56599999999503,26.897083999983806,37.51770900001361,12.728152126875026,,
758,84.31525000000306,27.145249999989574,38.011417000006986,11.860250666397404,,
759,92.13783299998113,26.846083999998882,37.252666000000545,10.853304961059859,,
760,93.06337500001405,27.834167000008847,37.03341700000351,10.74536572523669,,
761,85.62929199999303,27.276999999997997,37.214042000016434,11.678246738278315,,
762,88.03974999997877,27.229500000004236,37.116875000009486,11.358505674996136,,
763,86.95537500000228,27.110792000001993,36.98725000000991,11.500151658249692,,
764,89.07616700000176,27.648083000002543,37.589499999995724,11.226347447123317,,
765,87.04337500000747,27.46183299998961,37.237500000003365,11.488525117505084,,
766,88.20691699997951,27.66637499999547,37.20533399999226,11.336979389045332,,
767,87.56470900002,27.608082999989847,36.92087499999275,11.420125886557466,,
768,86.74654200001441,27.602375000014945,37.12304199999039,11.527837040464782,,
769,88.80445799999848,27.64262499999859,36.97887499998842,11.260695943890758,,
770,84.81016700000055,26.602832999998327,36.80650000001151,11.791039156897233,,
771,90.48645799998667,27.718790999983867,36.95370799999864,11.051377433738729,,
772,88.08020899999747,28.058582999989312,37.486124999986714,11.353288228460366,,
773,86.57937499998525,27.563167000010935,37.025916999994024,11.550094927344652,,
774,88.09016700001848,27.760624999984884,37.57545800002049,11.352004815699694,,
775,88.96312500002068,28.111666999990348,37.03841700001931,11.240612332354193,,
776,87.07945799997674,27.82529199998862,37.280915999986064,11.483764632529834,,
777,87.16441699999677,27.483500000016647,37.082791999978326,11.472571427857275,,
778,83.17354199999727,26.689874999988206,37.13087500000256,12.023054158256635,,
779,93.8827500000059,28.24362499998756,37.15850000000387,10.651584023688454,,
780,85.64879100001122,27.75825000000509,37.74787499997956,11.675588041865868,,
781,86.28308300001208,26.902292000016814,36.96479199999203,11.589757403544098,,
782,90.01154200001338,27.862083000002258,37.33620799999926,11.109686355554839,,
783,87.60658299999591,27.954167000018515,37.28025000000912,11.414667320149293,,
784,87.27062500000216,27.895209000007526,37.64279200001397,11.45860935452193,,
785,84.61358299999233,27.31099999999742,36.913125000012315,11.818433454119189,,
786,89.72737499999539,27.281500000015058,37.207166000001735,11.144870782189397,,
787,88.17649999997457,27.629958000005672,37.32516700000588,11.340890146470867,,
788,87.32370900000319,27.876292000001968,37.42716700000415,11.45164367674721,,
789,90.10162499998842,28.78783400001339,37.80783299998802,11.098578965697106,,
790,84.21124999998142,27.127958000022545,37.13195800000335,11.874897950098362,,
791,88.69950000001836,27.61049999998022,36.99770800000124,11.274020710373712,,
792,88.49420900000382,27.42624999999066,37.215916000008065,11.300174455482809,,
793,86.06733299998837,26.878917000004776,37.00570899999889,11.618810123930936,,
794,90.61045800001466,28.13404200000491,37.053000000014435,11.036253673939472,,
795,86.26766700001554,27.49570799997514,37.12683300000208,11.591828488880079,,
796,87.12412500000255,27.78695800000719,37.199917000009464,11.477877109238925,,
797,86.88587500000722,27.994666999973106,36.95420799999738,11.509350628049921,,
798,87.46949999999742,27.352583000009645,37.10979199999542,11.4325564911201,,
799,89.90462500000262,28.31450000002178,36.946749999998474,11.12289829360804,,
800,85.11045800000261,27.246625000003633,37.10141599998451,11.749437419311848,,
801,88.88783400001898,27.31745799999885,37.00449999999478,11.250133510957038,,
802,90.1433749999967,27.736458000021003,37.126791999980924,11.09343864704463,,
803,81.61820899999839,27.181957999999895,36.94141599999057,12.252167895524634,,
804,91.81304199998408,27.705499999996164,37.408375000012484,10.891698806801037,,
805,86.35524999999689,27.481125000008433,37.07320800000957,11.580071854346274,,
806,90.790625000011,28.327332999992905,37.09166600000913,11.01435307885455,,
807,84.87020900000175,27.712084000000914,37.20691700002021,11.782697506965953,,
808,84.26916600001277,27.457292000008238,36.922750000002225,11.866736642437502,,
809,93.52074999998194,28.470875000010665,36.6299579999918,10.69281416156514,,
810,80.4897919999803,26.612416999995503,36.849708999994846,12.423935696097274,,
811,92.4323339999944,27.382916999982854,36.87570799999662,10.818724971286137,,
812,87.55237500000135,27.665083000016466,37.26220799998714,11.421734704512408,,
813,87.10045800000898,27.115917000003265,37.03108300001645,11.480995886380951,,
814,86.14316599999938,27.219374999987167,36.48720800001115,11.608581927439342,,
815,88.49004199998944,27.30141699998967,36.98262499997895,11.30070658120062,,
816,87.79154100000142,27.418457999999646,37.08254200000738,11.390619057478258,,
817,87.4605420000023,27.010042000000567,36.972499999990305,11.433727451631544,,
818,87.98079100000677,27.480916999991223,37.375625000009904,11.366117406240676,,
819,88.89937499998268,27.919417000020985,37.149332999973694,11.248673008108266,,
820,86.57616700000403,27.921125000005986,37.17579199999932,11.550522905454493,,
821,88.13229199998318,27.574167000011585,37.220208000007915,11.34657884535887,,
822,87.20220800000789,27.393291999999292,37.251624999981914,11.467599536010711,,
823,88.4387909999873,27.3573340000155,37.13874999999689,11.307255432744931,,
824,85.42833300001007,26.53070900001353,37.04791699999532,11.705718289035115,,
825,91.27354099999252,27.733291999993526,36.924749999997175,10.956077621663455,,
826,85.26962499999513,27.22362500000486,36.96612499999219,11.727505544911885,,
827,89.75845899999513,27.8929160000132,37.2340000000122,11.141011233270552,,
828,86.14787499999466,27.28658300000575,37.147666999999274,11.607947381175242,,
829,88.94083299998101,27.584458999996286,37.00462500000867,11.243429662955974,,
830,84.26095900000519,26.81000000001177,37.17658299999016,11.867892460136117,,
831,91.61420899999939,27.770250000003216,37.087708000001385,10.915337379598034,,
832,84.63591599999631,26.953040999984523,36.91362500001105,11.815314907208466,,
833,90.72058399999605,27.139833000006774,37.10129199998846,11.022856731169671,,
834,84.50583299998016,27.078375000002097,36.995166999986395,11.833502664842495,,
835,85.68212499997685,26.494041999995943,36.30654100001607,11.67104574029029,,
836,93.20445800000243,28.11008399999082,37.239749999997684,10.729100532937748,,
837,89.70995799998605,28.55804200001444,37.24645799999848,11.147034535454308,,
838,83.12016700000413,27.199292000005926,37.04283300001521,12.030774673491095,,
839,88.82870800002252,27.375833000007788,37.037792000006675,11.257621803975203,,
840,86.2021249999998,27.476957999994056,37.26783300001557,11.600642095540016,,
841,90.2281250000101,26.913292000017464,36.98229200000469,11.083018737227313,,
842,85.54037499999367,27.31345800000895,37.23020800001109,11.690385972706736,,
843,86.845583000013,26.673249999987547,36.84754200000384,11.514690390181967,,
844,88.72266700001319,27.155125000007274,36.93699999999467,11.27107687148146,,
845,88.38445800000727,27.17387500001678,37.11079099997505,11.314206395879214,,
846,86.77520899999536,27.03975000000014,37.44579099998191,11.524028711933768,,
847,88.01320900002452,27.084833000003528,37.082915999974375,11.361930911980739,,
848,88.2758750000221,27.703750000000582,37.24729199998933,11.328123340604098,,
849,86.8463330000111,26.79541700001664,37.24366600002327,11.514590949969898,,
850,88.4242080000206,27.663958000005096,36.82520799998201,11.309120235487628,,
851,87.34466600000701,27.537417000019104,37.19120899998529,11.448896032184951,,
852,89.1644160000169,28.51887499997474,37.29866699998752,11.215236356169378,,
853,86.50474999998892,27.386250000006385,37.01141700000221,11.56005884070098,,
854,86.7291659999978,27.35387500001707,37.14170899999658,11.530146617575284,,
855,89.23012500000027,27.664584000007153,36.99825000001056,11.206977464169158,,
856,86.57387499999913,26.925082999980532,37.45000000000687,11.550828699766644,,
857,87.84137499998224,27.08445900000811,37.2684159999892,11.384156953374218,,
858,87.15295799999012,27.27795900000274,37.265708000006725,11.4740798585415,,
859,88.76399999999762,27.489625000015394,37.20358300000726,11.265828489027385,,
860,87.16029199999298,27.152790999991794,37.25016600000686,11.473114385620468,,
861,88.51954200000023,27.715540999992072,36.326790999993364,11.296940510604962,,
862,87.0032500000093,27.191832999989174,37.21862500000839,11.493823506591916,,
863,88.58487500000933,27.740292000004274,37.082459000004064,11.288608805960324,,
864,88.70058299999073,28.517665999999053,37.25645899999108,11.27388305892087,,
865,85.37883300002136,27.306874999993624,37.11199999997916,11.712504901533965,,
866,87.50000000000568,27.767124999996895,37.13562500001899,11.428571428570686,,
867,88.11429100001078,26.49816699999974,37.0223750000207,11.34889685487996,,
868,87.75950000000421,27.65008399998692,37.252749999993284,11.394777773345929,,
869,83.83683400001019,27.03058399998781,36.254833000015196,11.92793134339828,,
870,93.50537499997813,28.274917000004507,36.976750000007996,10.694572370842145,,
871,82.4934169999949,26.962083999990227,36.92066700000396,12.12217939766105,,
872,87.69708400001264,27.4299170000063,37.0663750000233,11.402887694645079,,
873,88.40712500000336,27.593582999998034,36.986708999990014,11.311305508463962,,
874,91.4483749999988,27.952459000005092,37.33204200000273,10.935131433445516,,
875,87.15762500000324,27.53924999998958,37.42412500000114,11.4734654598489,,
876,85.36812499997382,26.319290999992973,37.116042000008065,11.71397403890863,,
877,89.28929199998947,27.232625000010557,36.9327500000054,11.199551229503733,,
878,88.68025000001012,27.82324999998309,37.17320799998447,11.276467984696547,,
879,86.33233300000143,27.46616700000004,36.855542000012065,11.583145795445878,,
880,92.07845800000314,28.309208000024455,37.075667000010526,10.860303503344571,,
881,83.74762500000088,26.90008300001523,37.17145799998889,11.94063712254514,,
882,87.66429199999948,27.43783299999336,37.16183299999898,11.4071530971813,,
883,91.83041700001127,27.246665999996367,37.27495900000122,10.889638016125717,,
884,82.65054200001032,25.97070900000631,37.39520899998183,12.099134207733025,,
885,86.21100000002002,25.869375000013406,37.04554200001553,11.59944786627887,,
886,88.80912500001159,27.2499999999809,37.004417000019885,11.260104184112494,,
887,90.43712499999401,27.66608299998552,36.77050000001714,11.05740590493192,,
888,87.31658299998912,27.869041000002426,37.42933300000573,11.452578257673283,,
889,85.8169999999916,26.435875000004216,36.98400000001811,11.652702844425905,,
890,91.31254199999717,28.145416999990402,36.89483299999097,10.951398111335363,,
891,76.24629200000754,25.58050000001799,36.64579200000162,13.115391893416943,,
892,94.6222080000041,27.726333000003933,36.78145899999663,10.568343533052587,,
893,88.6386669999979,27.70783300002222,37.012458999981845,11.281758106764215,,
894,89.6446659999981,28.570833000003404,37.01445800001579,11.155153391948843,,
895,82.60279200001719,27.000416999982235,36.863333000013654,12.106128325538826,,
896,95.29474999999366,28.338374999975713,36.89904099999808,10.493757525992425,,
897,80.51329200000623,26.717249999990145,37.06229200000166,12.42030943163922,,
898,89.10999999997671,27.222209000001385,37.12487500001771,11.222085063407715,,
899,90.42054100001451,27.556083000007447,36.999709000014036,11.05943393990354,,
900,88.19074999999543,27.884082999975135,37.10370799998941,11.33905766761312,,
901,87.81045800000697,27.989708000006885,37.10333300000457,11.388165177317724,,
902,85.15516700001058,27.11916699999506,37.026666000002706,11.743268614573626,,
903,89.50420899998335,27.269584000009672,36.97091600000135,11.1726589304888,,
904,88.3995000000084,28.078334000014138,37.26275000002488,11.312281178059887,,
905,81.64345800000206,27.197457999989183,37.032374999995454,12.248378798457738,,
906,93.50154099999486,28.651667000019643,35.9870409999985,10.69501089827017,,
907,81.54874999999606,26.737042000007705,36.91029199998752,12.262603657322133,,
908,88.50691699998947,27.231375000013713,37.18366600000422,11.298551953855979,,
909,91.10295899998277,27.975209000004497,37.19708400001309,10.976591879965053,,
910,112.02670899999134,50.65979099998685,39.58941700000196,8.926442711086668,,
911,95.96783399999254,26.292291999993722,37.625208999997994,10.4201580708811,,
912,78.67062500000088,25.179500000007238,37.24950000000149,12.711224805955066,,
913,90.91091600001278,25.342332999997552,37.23112500000525,10.99977916843187,,
914,95.76745800001163,27.129333999994287,37.46879199999853,10.441960357764518,,
915,88.43624999997246,26.895042000006697,39.436999999992395,11.307580319159976,,
916,74.63783400001489,23.70500000000675,37.20962500000269,13.39803081637927,,
917,90.21866699998782,24.74245799999153,38.51158399999122,11.084180616414285,,
918,82.09291600002189,24.12891699998454,36.217084000014665,12.181319031227169,,
919,91.20379199998752,24.02141599998231,37.59050000002162,10.964456390148086,,
920,85.02366700000152,23.99858300000801,36.180041999983814,11.76143108482938,,
921,88.20804199999088,24.393707999990966,37.152499999990596,11.336834797898625,,
922,94.89833400002112,25.72374999999738,36.841208999987884,10.537592788507514,,
923,84.85420799999588,25.352957999984937,36.800167000023976,11.784919376067343,,
924,95.12916700001028,30.00237500000935,37.10649999999305,10.512023089615532,,
925,88.25804200000675,28.60929199999873,39.55720799999085,11.330412247304597,,
926,88.71833300000276,38.38704200001075,36.743416999996725,11.27162747749069,,
927,78.09712499999932,23.8369160000218,37.1529589999966,12.804568670101602,,
928,91.34274999999548,25.431041999979698,37.025666999994655,10.947776369772637,,
929,112.63712499999201,47.12720800000625,39.77841700000795,8.8780675110455,,
930,88.38174999999637,23.460458999977618,36.59716599997864,11.314553061011363,,
931,95.72612499999877,24.9095000000068,37.180957999993325,10.446469028178178,,
932,85.92570799999066,25.418290999994042,37.244208000004164,11.637960550759834,,
933,90.55983299998616,25.780166999993526,37.02883299999371,11.042423189982614,,
934,83.51074999998787,23.795624999991105,37.234208999990415,11.974506276139842,,
935,86.21887499998593,24.105624999975817,36.40250000000833,11.598388403933166,,
936,88.34116699998162,24.534708000004457,37.11024999998358,11.319750847305516,,
937,88.4989580000024,24.400749999983873,37.079000000005635,11.299568069490409,,
938,89.36295899999891,25.189916999977413,37.03870800001141,11.190318798642425,,
939,90.9825420000061,26.48416600001724,37.04266700000858,10.991119593030637,,
940,88.02687499999706,26.243792000002486,37.12637500001392,11.360166994455197,,
941,88.1685830000265,26.009791999996423,37.332749999990256,11.341908489100923,,
942,83.49900000001753,25.23866699999644,36.651041999988365,11.976191331630199,,
943,91.74358300001018,25.89324999999576,37.097791000007874,10.899944904047285,,
944,81.8846249999865,23.48829100000671,37.131208000005245,12.212304813023994,,
945,155.24737499998764,91.95024999999646,37.717250000014246,6.4413327439519,,
946,91.83883299999707,24.60479100000157,37.31566700000144,10.88864010282047,,
947,89.1227080000192,25.489041000014367,37.19866700001262,11.220484907166247,,
948,89.02025000000435,26.263916000004883,38.18508399999132,11.233399142329427,,
949,86.26779199997259,24.880916000000752,37.53291700002137,11.591811692599224,,
950,86.74862500001268,24.69812499998625,37.061750000020766,11.527560235102905,,
951,89.11762500000009,25.815083000026107,37.0739589999971,11.221124889717371,,
952,86.88741599999616,25.68529099997363,37.18512499997928,11.509146502872685,,
953,89.8142919999998,26.108667000016794,38.349958999987166,11.13408543041237,,
954,81.47658400000068,23.670124999995323,36.819999999977426,12.273464974918335,,
955,92.5523749999968,26.04983399999128,36.80454099998087,10.804693018412921,,
956,87.11650000000759,26.392624999999725,36.788916999995536,11.478881727341122,,
957,89.22329199998558,27.549292000003334,36.987249999981486,11.20783572971239,,
958,80.69075000000225,26.34591700001465,35.293958000011116,12.39299424035558,,
959,96.51199999998994,28.04904199999214,37.01225000000363,10.361405835544847,,
960,80.8279170000219,26.4712080000038,36.814083999985314,12.371963018665062,,
961,87.50362500001074,26.505041999996592,36.98066600000516,11.428097978796618,,
962,92.02570799999421,27.735083000010263,36.94212499999594,10.866528731298247,,
963,81.24225000000251,27.338874999998097,36.94920899999943,12.308866384177803,,
964,95.49929199999951,28.52504199998407,37.154749999984915,10.471281818508194,,
965,87.49195799998688,27.404125000003887,37.02687500000934,11.429621908794749,,
966,85.44050000000425,27.05920799999717,36.97624999998084,11.704051357376773,,
967,88.54420899999127,27.749583000002076,37.11358300000711,11.293793363720699,,
968,86.0523750000084,26.278499999989435,37.00449999999478,11.62082975629554,,
969,88.37208299999588,27.33183300000519,36.89154200000644,11.315790757133637,,
970,79.45737500000405,25.37025000000881,36.5897920000009,12.585364165377337,,
971,97.40937499998381,28.159875000000056,37.04604099999642,10.265952327485586,,
972,81.35300000000711,26.853291000008994,36.74862500000131,12.292109694785841,,
973,90.43700000000854,28.194541000004847,37.26199999999835,11.057421188229437,,
974,89.54204200000504,28.040042000014864,37.2039579999921,11.167938296514878,,
975,89.10399999999186,28.28937499998574,37.000750000004246,11.222840725445451,,
976,85.70420800000988,27.442958999984057,36.88087499998005,11.668038516847208,,
977,90.53458400001091,28.070084000006545,36.972665999996934,11.045502788192847,,
978,81.65704099999971,26.503375000004326,37.018500000016274,12.24634137795911,,
979,84.89287500000842,24.138957999980448,37.16074999999819,11.779551581918987,,
980,91.36937499999931,25.68283400000837,36.78725000000327,10.944586192036528,,
981,88.49358300000176,26.555125000015778,36.76395899998397,11.300254392456683,,
982,94.65183300000035,26.978000000013935,38.013540999997986,10.565035755831547,,
983,71.68520799999101,26.085499999993544,37.54541600000039,13.949879311225901,,
984,93.097666999995,24.958209000004672,37.01495799998611,10.74140773044349,,
985,91.12741600000618,26.433291999978792,37.369999999981474,10.97364595524065,,
986,85.3509590000101,25.46124999997801,36.95654200001286,11.716329982887265,,
987,91.51099999999701,27.176416999992625,37.569749999988744,10.92764804231221,,
988,88.19012500001122,29.784042000017052,37.71674999998709,11.339138027073584,,
989,76.13587500000563,24.06091600002469,37.361083999996936,13.13441265369218,,
990,89.85595900000476,23.949500000014723,38.37337500002036,11.12892245688399,,
991,91.0974999999894,24.165834000001496,37.56962500000327,10.977249650101445,,
992,83.71808399999736,24.428457999988495,35.98908300000403,11.944850529546658,,
993,94.06758299999751,26.459917000011046,37.40970800001264,10.630654770836692,,
994,84.67962500000681,25.258875000019998,37.23054099998535,11.809216207557835,,
995,90.05287499999781,26.02125000001365,36.98816599998622,11.104587166151267,,
996,84.2197500000168,25.927625000008447,36.48579200000768,11.873699458853778,,
997,93.55533299998342,26.901707999996916,37.179250000008324,10.688861531818578,,
998,82.22025000000599,26.033957999999302,37.07041700002378,12.162453896697311,,
999,85.88033300000575,26.589875000013308,35.86620799998741,11.644109484297564,,
